{
  "Comment": "Fashion feature extraction pipeline",
  "StartAt": "RekognitionDetectLabels",
  "States": {
    "RekognitionDetectLabels": {
      "Type": "Task",
      "Resource": "${RekognitionFunctionArn}",
      "ResultPath": "$.rekognition",
      "Retry": [
        {
          "ErrorEquals": [
            "States.ALL"
          ],
          "IntervalSeconds": 2,
          "MaxAttempts": 3,
          "BackoffRate": 2.0
        }
      ],
      "Next": "WriteToDynamoDB"
    },
    "WriteToDynamoDB": {
      "Type": "Task",
      "Resource": "${DdbWriterFunctionArn}",
      "ResultPath": "$.ddb",
      "Retry": [
        {
          "ErrorEquals": [
            "States.ALL"
          ],
          "IntervalSeconds": 2,
          "MaxAttempts": 3,
          "BackoffRate": 2.0
        }
      ],
      "End": true
    }
  }
}
